山东省,已收到,中通
内蒙古自治区,已收到,中通
四川省,已签收,中通
四川省,已收到,中通
北京市,已签收,中通
云南省,已签收,中通
广东省,已收到,中通
贵州省,已收到,中通
浙江省,已签收,中通
陕西省,已签收,顺丰
辽宁省,已收到,中通
湖北省,已收到,中通
浙江省,已签收,中通
山东省,已签收,韵达
贵州省,已签收,中通
吉林省,已签收,中通
北京市,已签收,韵达
北京市,已签收,韵达
陕西省,已收到,中通
北京市,已签收,韵达
浙江省,已签收,中通
湖北省,已收到,中通
湖北省,异常,韵达
江苏省,已签收,中通
天津市,已换货,韵达
海南省,已收到,中通
北京市,已收到,中通
吉林省,已收到,中通
宁夏回族自治区,已收到,中通
北京市,异常,中通
上海市,已签收,中通
黑龙江省,已收到,韵达
黑龙江省,已签收,韵达
黑龙江省,已收到,韵达
陕西省,已收到,顺丰
江苏省,已收到,中通
江苏省,已收到,中通
北京市,已收到,韵达
浙江省,已收到,中通
江苏省,已收到,中通
江苏省,已签收,中通
浙江省,已收到,中通
甘肃省,异常,圆通
上海市,已签收,中通
吉林省,已签收,中通
浙江省,已签收,中通
广东省,已收到,中通
北京市,异常,中通
福建省,已签收,中通
甘肃省,已签收,中通
广东省,已收到,中通
浙江省,已收到,中通
山东省,已收到,中通
辽宁省,已签收,中通
江苏省,已收到,中通
北京市,异常,中通
江西省,已收到,中通
安徽省,已签收,中通
甘肃省,已签收,韵达
山东省,已签收,顺丰
江苏省,已签收,中通
北京市,异常,中通
黑龙江省,已收到,中通
黑龙江省,已签收,中通